Date,DM05300 [I],DM05301 [I],DM05303 [O], DM05383 [O],ZRIVSE02 Total Flow
14/03/2022 00:00,53.63327408,-1.578650713,14.12303162,-32.05890656,9.02998662
14/03/2022 00:15,50.84353256,0.150796443,15.17860794,-26.35168076,9.162447423
14/03/2022 00:30,48.41404343,3.52015543,13.27480221,-23.41952896,8.199556828
14/03/2022 00:45,48.4894371,2.139425039,12.5538063,-25.93280029,7.863405466
14/03/2022 01:00,46.27775955,4.665266037,12.14854145,-21.73772812,7.726223946
14/03/2022 01:15,45.69132614,4.627566338,11.85165977,-21.47802353,7.7340765
14/03/2022 01:30,45.37298203,4.490907669,12.60564518,-20.44129753,7.835131645
14/03/2022 01:45,43.86501312,3.336371899,11.36157227,-19.74595833,9.42111063
14/03/2022 02:00,42.75917053,5.532345772,10.85263348,-19.18675613,7.18743515
14/03/2022 02:15,42.67539978,4.571017742,10.85734653,-20.3617115,6.885324001
14/03/2022 02:30,42.16436386,3.675663948,10.97515583,-20.41825676,7.095287323
14/03/2022 02:45,41.05014801,3.595553637,11.39455891,-18.61289215,7.447143316
14/03/2022 03:00,40.52235794,4.11391592,10.67827702,-18.80348015,6.926684856
14/03/2022 03:15,39.82701874,4.03380537,10.65000248,-18.03064728,7.11256361
14/03/2022 03:30,40.38831711,5.226040363,10.09865189,-18.31757927,6.74604559
14/03/2022 03:45,39.49191666,4.095067024,10.79608536,-17.98038101,6.620383263
14/03/2022 04:00,39.99457169,3.454181671,10.77252388,-18.77206421,6.995801926
14/03/2022 04:15,38.32743073,4.679403305,10.48977947,-16.31324387,6.845004082
14/03/2022 04:30,39.16518402,5.588894367,10.2682972,-16.49755096,6.810441494
14/03/2022 04:45,40.96636963,4.415509701,10.73011303,-18.80557251,7.015174389
14/03/2022 05:00,44.22525406,3.053628683,11.00343037,-23.09489822,7.073296785
14/03/2022 05:15,43.66394806,2.629513502,12.06842995,-20.64236069,8.323643923
14/03/2022 05:30,43.16967392,2.992367268,11.46524429,-19.75224113,8.959821224
14/03/2022 05:45,46.7636528,4.42493391,11.87522221,-23.02159309,7.441903591
14/03/2022 06:00,48.02867508,3.557854414,12.89309883,-23.76510429,7.81261754
14/03/2022 06:15,52.10017395,0.164933547,15.73938179,-27.56224251,8.633616105
14/03/2022 06:30,52.27610397,1.536239147,14.89115238,-26.47943878,9.369273663
14/03/2022 06:45,55.46796417,-2.855708361,16.77610779,-27.70675468,13.84081006
14/03/2022 07:00,59.48920059,-5.508783341,19.19356537,-32.157341,13.64707756
14/03/2022 07:15,61.47468567,-6.267478943,19.94283485,-33.28203583,14.51729393
14/03/2022 07:30,68.42808533,-9.269271851,22.16707993,-41.20304108,14.32723618
14/03/2022 07:45,70.95810699,-10.52276516,21.82779312,-43.17805099,16.47502804
14/03/2022 08:00,74.8871994,-10.30128384,20.75336266,-51.1493187,13.28580189
14/03/2022 08:15,71.25969696,-9.896018028,21.52619743,-44.3781395,15.25137806
14/03/2022 08:30,69.90254211,-8.25610733,20.70153046,-40.53492737,16.92219162
14/03/2022 08:45,65.95670319,-8.807456017,21.68642044,-39.19032669,13.88741207
14/03/2022 09:00,64.94300842,-7.57281065,19.80146217,-38.45100021,14.26335669
14/03/2022 09:15,70.05332947,-10.95630741,21.75238991,-44.2482872,15.00895977
14/03/2022 09:30,66.19963074,-8.100597382,20.22557831,-41.31822968,12.75642014
14/03/2022 09:45,62.70619202,-6.229779243,19.61767578,-37.2048378,12.11345768
14/03/2022 10:00,61.13958359,-7.407876492,20.21143913,-33.34067917,14.99534178
14/03/2022 10:15,60.93852615,-6.225067139,20.64026642,-33.7407074,12.78261948
14/03/2022 10:30,62.16164398,-4.867897987,19.1888504,-36.16810989,11.67258167
14/03/2022 10:45,64.72519684,-6.385288715,20.65440559,-39.15471649,11.30136347
14/03/2022 11:00,64.83409882,-8.392766953,20.25385094,-39.0583725,13.91464233
14/03/2022 11:15,63.09156036,-6.884801865,19.6176796,-38.94527435,11.41340828
14/03/2022 11:30,61.77628326,-5.00455761,18.41130638,-37.91065216,10.45888233
14/03/2022 11:45,59.8829422,-5.645443916,19.81560135,-34.04021072,11.67257404
14/03/2022 12:00,59.39704895,-5.127080441,19.86743355,-33.06421661,11.59247923
14/03/2022 12:15,60.46937561,-6.823540688,19.36320877,-34.11769867,13.81200886
14/03/2022 12:30,57.9812355,-5.141217232,20.77221298,-31.40755081,10.94268894
14/03/2022 12:45,58.29958344,-3.883009434,19.30194855,-31.7971077,11.08353662
14/03/2022 13:00,56.8502655,-3.312809944,19.41033363,-29.67967606,11.07306576
14/03/2022 13:15,59.42218399,-4.938584328,18.30763435,-32.86734772,13.18578625
14/03/2022 13:30,60.57828522,-6.856528282,19.36792183,-35.46020508,12.60668659
14/03/2022 13:45,57.67126846,-4.60400486,18.18982506,-32.58250427,11.50294399
14/03/2022 14:00,57.58749771,-4.424934387,19.21712685,-31.38451385,11.4107914
14/03/2022 14:15,55.9287262,-2.261947155,18.00133133,-29.37598801,10.81335402
14/03/2022 14:30,58.62630463,-5.202478409,18.60451508,-32.72701645,12.49725151
14/03/2022 14:45,57.77180099,-4.330686569,17.68560028,-32.52176666,11.89512062
14/03/2022 15:00,58.83575058,-4.792500496,17.84110832,-35.09996796,10.6871748
14/03/2022 15:15,57.23563766,-3.892433882,17.65732384,-32.85058594,10.62016177
14/03/2022 15:30,61.08931732,-4.684115887,17.41699219,-37.99023819,10.36620283
14/03/2022 15:45,55.58525085,-4.556880474,17.9400692,-29.03041458,13.17164755
14/03/2022 16:00,55.51823425,-2.379756689,18.32648277,-28.95501518,10.61649299
14/03/2022 16:15,57.98962021,-3.232699633,17.83168411,-32.23064804,11.15998769
14/03/2022 16:30,56.08789825,-3.133739471,18.00604057,-30.18232918,11.03326797
14/03/2022 16:45,59.32165527,-5.720841408,18.64692879,-33.86008835,12.53547955
14/03/2022 17:00,58.57604218,-4.52389431,19.33493614,-31.11014557,12.65485477
14/03/2022 17:15,57.70477676,-2.27137208,18.13327599,-31.17926216,10.6636107
14/03/2022 17:30,56.74973297,-2.67192483,18.54325485,-30.58026314,10.29813981
14/03/2022 17:45,62.76483154,-7.162832737,19.7354908,-37.24253845,12.94963503
14/03/2022 18:00,59.47244644,-4.31183672,19.57055664,-32.49663544,11.71709108
14/03/2022 18:15,62.31244278,-5.904624462,20.61670494,-35.33663559,12.26372671
14/03/2022 18:30,64.28955841,-7.605797291,21.04553223,-35.73456955,15.11525393
14/03/2022 18:45,65.52106476,-7.841417313,20.77692604,-39.02905273,13.5565033
14/03/2022 19:00,65.29486847,-7.087433815,20.35752487,-39.1819458,12.84283161
14/03/2022 19:15,65.50430298,-8.326792717,20.88531113,-38.23108673,14.71469784
14/03/2022 19:30,65.12731171,-8.567124367,21.4225235,-37.09593201,15.17598057
14/03/2022 19:45,62.61403656,-6.913075924,21.48849869,-35.25076675,12.78784704
14/03/2022 20:00,61.12282181,-5.885774612,20.03237152,-32.96158981,14.01463509
14/03/2022 20:15,63.73663712,-6.455973625,20.03236961,-35.25704575,14.90319538
14/03/2022 20:30,63.98796082,-6.997899532,19.46217155,-38.08867264,13.43501616
14/03/2022 20:45,61.12282562,-6.258054256,20.15017891,-34.77743149,12.45326948
14/03/2022 21:00,65.41215515,-8.840443611,18.31706047,-40.55586624,15.37967205
14/03/2022 21:15,62.46324539,-5.998871803,19.52814484,-37.04776382,11.88620853
14/03/2022 21:30,61.46630859,-5.150642395,19.48572922,-35.76389694,11.36732483
14/03/2022 21:45,60.02537155,-5.815088749,20.68738937,-32.80241394,12.35065699
14/03/2022 22:00,61.93545914,-7.219381332,18.44900513,-37.21740341,13.48843193
14/03/2022 22:15,59.43893051,-4.566306114,17.84582138,-34.57846451,11.58095074
14/03/2022 22:30,61.49144363,-4.019668579,17.30389595,-37.40799713,10.79921913
14/03/2022 22:45,64.86761475,-9.25984478,18.08615303,-44.15822601,11.88308048
14/03/2022 23:00,54.99043655,-4.109204292,16.75254631,-29.66082382,12.68627071
14/03/2022 23:15,55.82820129,-1.757721663,16.25303268,-31.54159164,9.791298628
14/03/2022 23:30,54.03539658,-1.079137325,15.01838589,-30.0922718,10.00387621
14/03/2022 23:45,51.04460144,0.485376179,14.52829933,-26.66793442,9.362991512
15/03/2022 00:00,50.89380646,-1.097986817,15.36710262,-25.25421524,11.37047541
15/03/2022 00:15,50.73462677,1.013163805,13.5104208,-27.2564621,8.954580069
15/03/2022 00:30,48.8915596,3.887721777,12.59621811,-23.93056107,8.477058649
15/03/2022 00:45,47.73545456,3.784049034,12.36531067,-23.53472137,8.051373482
15/03/2022 01:00,46.46207047,4.278849602,11.98832035,-22.46866989,7.726230621
15/03/2022 01:15,49.77957916,2.191261292,12.18152905,-28.1151619,7.29162693
15/03/2022 01:30,44.64412689,3.468318939,12.06371689,-21.54714012,7.564950943
15/03/2022 01:45,46.78041077,4.604005337,10.91860771,-24.3305912,6.927206516
15/03/2022 02:00,46.88932419,4.476770401,10.72068691,-24.48766899,7.204197884
15/03/2022 02:15,42.69215012,3.35993433,11.75269985,-20.52716446,7.052351475
15/03/2022 02:30,42.19787216,3.821748257,10.78194904,-20.62979317,6.964381695
15/03/2022 02:45,45.13002777,3.557854176,10.50391769,-23.49492455,7.573331356
15/03/2022 03:00,41.50254059,3.015929461,10.45208073,-19.86952782,8.165002585
15/03/2022 03:15,41.39362717,4.005531311,10.3484087,-20.37846565,6.661221504
15/03/2022 03:30,42.37380219,4.52389431,11.08354092,-20.17740059,6.58896637
15/03/2022 03:45,41.0501442,4.599292278,10.20703602,-19.70406914,6.539746761
15/03/2022 04:00,41.20932388,4.415509224,10.10336494,-19.86533928,6.825110435
15/03/2022 04:15,41.03339386,3.84059763,10.29657269,-19.99938011,6.896843434
15/03/2022 04:30,42.16436768,5.037544251,10.13635159,-19.98681259,7.003659248
15/03/2022 04:45,41.3098526,4.490907192,10.21174908,-19.89465714,6.712539196
15/03/2022 05:00,43.51314926,4.481482506,11.79511356,-20.1564579,7.080095291
15/03/2022 05:15,43.84825516,3.746350288,11.92705917,-21.29162216,6.883223534
15/03/2022 05:30,44.90383148,4.161040783,11.39455891,-22.11262131,7.235610485
15/03/2022 05:45,45.60754776,4.806637764,11.9459095,-21.46755219,7.387448311
15/03/2022 06:00,50.48329544,2.709624052,13.62351894,-25.51392365,8.6362288
15/03/2022 06:15,53.73379898,-2.323208094,14.8251791,-30.47763824,10.75418973
15/03/2022 06:30,53.59975815,-1.229933858,16.73840904,-28.57383537,9.517447591
15/03/2022 06:45,57.72153473,-3.911283732,17.15781021,-33.48519135,10.9898169
15/03/2022 07:00,62.79834366,-6.847102165,19.44803429,-36.50530624,13.69210529
15/03/2022 07:15,66.40908051,-9.391793251,20.27741432,-38.93480682,16.58865261
15/03/2022 07:30,72.90170288,-9.980840683,21.5497551,-47.26630783,14.06648064
15/03/2022 07:45,75.07987213,-11.17778873,22.47338486,-48.61090851,15.1733675
15/03/2022 08:00,72.07233429,-9.344668388,20.54602051,-42.07430649,18.79667568
15/03/2022 08:15,71.77073669,-9.160886765,22.71371841,-43.86500931,14.35289574
15/03/2022 08:30,65.31161499,-7.308915615,20.40464973,-38.17035294,14.04552794
15/03/2022 08:45,67.91704559,-8.783893585,20.64969254,-39.88985062,16.16139603
15/03/2022 09:00,68.48671722,-9.509602547,21.72411728,-43.56761169,12.7045908
15/03/2022 09:15,63.02453995,-6.210930347,21.04553223,-36.32099915,11.86893892
15/03/2022 09:30,63.20046616,-7.572810173,20.31511498,-35.3429184,15.11524296
15/03/2022 09:45,62.46324158,-7.728319168,20.44234848,-36.49902344,13.25018883
15/03/2022 10:00,63.36802673,-6.215642929,19.54699516,-38.77563477,11.26103973
15/03/2022 10:15,63.3010025,-7.030885696,20.91829872,-37.74100494,11.67258453
15/03/2022 10:30,59.36353302,-6.258054256,18.43958092,-32.64743042,14.53457594
15/03/2022 10:45,62.89049912,-7.045022965,19.06632805,-38.87825775,11.99093628
15/03/2022 11:00,59.43056488,-4.834911823,20.56487083,-31.68400955,12.01659632
15/03/2022 11:15,57.52047348,-4.872611046,19.13229942,-31.56881905,11.69196606
15/03/2022 11:30,57.17699432,-5.079956532,19.33493614,-31.32167816,11.60033655
15/03/2022 11:45,59.27138519,-6.597345829,18.51969337,-32.22436523,15.12467241
15/03/2022 12:00,58.65981674,-4.175177574,18.32177353,-32.93855286,11.57466793
15/03/2022 12:15,59.35515976,-5.654867649,18.82128525,-34.5512352,11.63750696
15/03/2022 12:30,58.61793518,-3.746349573,19.45745659,-32.43170929,10.47511888
15/03/2022 12:45,62.010849,-7.751882076,20.10305405,-36.45922852,13.20044851
15/03/2022 13:00,57.75504684,-3.680376768,19.0616169,-31.10386276,11.26994395
15/03/2022 13:15,56.78324509,-4.70296526,20.30568886,-30.07551956,11.10500193
15/03/2022 13:30,59.10383606,-5.68785429,20.43763351,-33.22967148,11.12438536
15/03/2022 13:45,56.88376999,-3.948982954,18.15212631,-29.44719696,13.23342967
15/03/2022 14:00,55.08259201,-5.324999809,18.77416229,-29.43672371,12.19670582
15/03/2022 14:15,59.07032013,-5.004558086,17.4264183,-35.56702042,11.0814395
15/03/2022 14:30,59.27138138,-5.414536476,18.70818901,-34.95127106,11.02645779
15/03/2022 14:45,59.77403641,-6.602057934,18.3123455,-36.97026062,11.09348822
15/03/2022 15:00,57.78017044,-6.045996189,18.16626358,-32.99929428,12.66060877
15/03/2022 15:15,54.58831787,-1.776571035,16.93632889,-28.73510361,10.69345641
15/03/2022 15:30,54.86478043,-1.22993362,17.86467171,-28.2240696,10.00597274
15/03/2022 15:45,52.58607483,-2.290221691,16.3472805,-27.73398399,10.79503202
15/03/2022 16:00,54.06890869,-2.158274651,17.32274628,-28.30993843,10.59449863
15/03/2022 16:15,58.18230057,-2.80858469,16.88920784,-33.63389206,10.46778536
15/03/2022 16:30,54.54642868,-6.041283608,18.42072868,-28.94244576,13.22453785
15/03/2022 16:45,58.78548431,-4.571018696,17.76099586,-35.2947464,10.30076075
15/03/2022 17:00,59.24625015,-4.834911823,18.07672691,-35.17118073,10.83325434
15/03/2022 17:15,55.46796036,-4.636991501,19.01449394,-29.94775772,11.1427002
15/03/2022 17:30,60.27668762,-6.286328316,18.63750076,-35.07483673,12.85067844
15/03/2022 17:45,58.60118103,-5.433385372,19.787323,-32.02539444,12.22184896
15/03/2022 18:00,55.82819366,-5.315575123,19.3726368,-30.03362465,11.73750734
15/03/2022 18:15,60.09238434,-6.380576134,20.97484589,-32.44636917,13.05174541
15/03/2022 18:30,62.36271286,-8.001637459,20.58843231,-34.91985321,14.8560648
15/03/2022 18:45,65.99858093,-8.567124367,21.27644157,-40.6145134,12.67475033
15/03/2022 19:00,70.00305939,-11.22020054,19.99466896,-46.44950104,14.77908993
15/03/2022 19:15,64.66654968,-8.755620003,21.4225235,-37.96091461,14.03873157
15/03/2022 19:30,64.19740295,-8.793319702,21.87962723,-38.34418488,12.76691055
15/03/2022 19:45,62.2370491,-8.37391758,21.52148438,-34.07790375,15.01157856
15/03/2022 20:00,60.59504318,-7.723608017,20.23028946,-34.30828476,13.78007698
15/03/2022 20:15,62.73970413,-7.087434769,20.78635216,-36.75873566,12.28205109
15/03/2022 20:30,61.03905487,-6.842389584,20.07949448,-32.57622147,15.22572851
15/03/2022 20:45,63.95445633,-7.897965908,20.51303291,-40.24170685,11.09768248
15/03/2022 21:00,61.73438644,-6.083695412,19.46217155,-36.53253174,11.82337856
15/03/2022 21:15,59.02005386,-5.188341141,19.17471504,-32.81288528,12.22079468
15/03/2022 21:30,60.63693619,-6.635045528,18.3029213,-34.86329651,14.10576391
15/03/2022 21:45,59.17923355,-5.480509758,18.88254547,-33.58781433,12.18938351
15/03/2022 22:00,58.73522186,-3.826460838,17.71858597,-33.46634293,11.37675381
15/03/2022 22:15,61.29038239,-5.442810535,17.81754494,-36.71894073,12.19670725
15/03/2022 22:30,66.14100647,-10.34369564,19.46688271,-44.5142746,12.50354481
15/03/2022 22:45,58.06501007,-4.990421772,17.93535614,-34.1156044,11.0044713
15/03/2022 23:00,55.40932083,-3.83588481,15.76294422,-32.97416306,10.50809836
15/03/2022 23:15,56.42300797,-4.113916397,16.44624138,-33.44539642,10.64528656
15/03/2022 23:30,53.37356186,-4.721814632,16.04568672,-29.80743408,12.24225569
15/03/2022 23:45,52.62797165,-0.466526598,14.32095146,-29.19586945,9.577677339
16/03/2022 00:00,50.53356552,0.589048684,14.17015648,-26.23439407,9.539966285
16/03/2022 00:15,49.38583755,2.982943058,12.56794453,-24.93167877,8.903271198
16/03/2022 00:30,50.52518845,2.177124262,12.591506,-27.45123863,8.305319548
16/03/2022 00:45,50.5084343,1.512677312,14.14659595,-26.60929298,8.239868045
16/03/2022 01:00,46.67987823,1.182809711,11.59247875,-23.52633858,10.3782512
16/03/2022 01:15,45.18029404,3.506018162,11.66316319,-22.44353867,7.567574024
16/03/2022 01:30,45.07976151,3.246836424,10.86677074,-23.29386139,7.672292948
16/03/2022 01:45,44.14985275,4.891460896,10.67356396,-21.50106049,7.083767414
16/03/2022 02:00,45.13002777,1.908517957,11.84694958,-24.49185753,6.882702708
16/03/2022 02:15,42.79268265,3.727500439,10.53219032,-21.54713821,6.985853672
16/03/2022 02:30,41.92140961,4.250576019,10.31542015,-20.26327324,7.092140198
16/03/2022 02:45,41.03338623,3.43533206,10.80079746,-19.9868145,6.810442209
16/03/2022 03:00,40.17049789,3.246836662,10.3531208,-19.59725761,6.973282814
16/03/2022 03:15,41.59468842,4.104491711,10.41438103,-20.14179611,6.934019566
16/03/2022 03:30,41.54441833,3.044203997,11.32858562,-20.19625282,6.975375891
16/03/2022 03:45,40.46371841,3.934845924,10.00440502,-19.6244812,6.899986267
16/03/2022 04:00,40.58937836,4.217588902,9.905442238,-19.72082329,6.74552393
16/03/2022 04:15,40.88259506,4.406084061,10.00440502,-19.79831886,6.673787117
16/03/2022 04:30,40.37156296,3.383495331,10.50862789,-19.5909729,6.888466835
16/03/2022 04:45,43.2869606,2.968805552,10.45679283,-22.73047066,7.130891562
16/03/2022 05:00,42.39894104,2.478717327,11.85165977,-20.85598755,7.212576389
16/03/2022 05:15,42.85132599,2.836858511,11.18721485,-20.30516243,8.522090197
16/03/2022 05:30,43.96554947,2.883982658,11.3474369,-20.95651817,8.777611733
16/03/2022 05:45,45.62430573,4.62285471,11.40398312,-22.36604691,7.231420994
16/03/2022 06:00,47.96165466,2.488141775,14.69794369,-23.18704796,7.588521242
16/03/2022 06:15,52.51905441,-3.275111198,15.27285671,-32.04005432,8.481254578
16/03/2022 06:30,52.18395233,-1.347743511,16.15878487,-26.20088577,11.1720252
16/03/2022 06:45,55.91197205,-5.094092846,19.3490715,-29.19168091,12.46531248
16/03/2022 07:00,63.14182663,-7.191107273,18.69405174,-37.99651718,13.64236498
16/03/2022 07:15,65.47079468,-8.397479057,21.01254654,-39.12330627,13.73242092
16/03/2022 07:30,68.86372375,-10.60287762,22.37913895,-39.93383408,17.15362835
16/03/2022 07:45,72.35717011,-10.38139439,22.73727989,-45.99082565,14.01045895
16/03/2022 08:00,75.54901886,-13.37376308,22.12467003,-51.00480652,15.7933054
16/03/2022 08:15,68.24377441,-9.217434883,20.43763351,-40.85536575,16.16821003
16/03/2022 08:30,65.69699097,-7.054448128,20.12190628,-38.73374558,13.89578724
16/03/2022 08:45,66.66041565,-8.30794239,19.52814484,-39.84796524,15.59224796
16/03/2022 09:00,64.94300842,-7.007324219,21.13506699,-37.57344818,13.24181747
16/03/2022 09:15,63.39315033,-5.310863972,20.07949257,-37.2592926,11.36522913
16/03/2022 09:30,62.94077301,-9.914868355,20.70624352,-38.25622177,13.89317608
16/03/2022 09:45,59.48082733,-5.489934444,19.70721245,-33.83704758,11.42650175
16/03/2022 10:00,61.29875565,-4.948009014,18.61865234,-36.30843353,11.31967878
16/03/2022 10:15,59.31327057,-4.68411541,19.33493423,-33.19406891,11.46838284
16/03/2022 10:30,61.67574692,-6.201506138,18.94380569,-38.11589813,10.81754923
16/03/2022 10:45,60.2599411,-5.452234745,19.17942619,-35.43926239,11.09348726
16/03/2022 11:00,60.52801514,-7.516261578,19.41033363,-34.91566086,13.71828222
16/03/2022 11:15,62.01922989,-6.602058411,19.1040287,-37.73262405,11.78463554
16/03/2022 11:30,60.55316162,-5.226040363,19.40090942,-34.61197662,11.76631594
16/03/2022 11:45,58.56767273,-5.673717022,18.98150635,-33.84752274,11.41236067
16/03/2022 12:00,58.02312851,-4.948008537,19.59411812,-32.56993866,10.80708027
16/03/2022 12:15,58.07338715,-3.826460838,18.76944733,-32.11964798,11.01075268
16/03/2022 12:30,57.97285461,-5.692566395,20.51774406,-30.32056046,12.82711649
16/03/2022 12:45,57.95610809,-5.131792545,18.51498032,-33.64855194,10.92436838
16/03/2022 13:00,58.69333267,-5.419248104,19.49986839,-33.75536728,10.8573451
16/03/2022 13:15,57.20212173,-4.12334156,19.60825539,-30.8148365,10.90237141
16/03/2022 13:30,57.83043671,-3.802898407,18.54325485,-31.47038078,11.61969948
16/03/2022 13:45,57.33616257,-5.221327782,19.40562058,-30.61796761,12.53390217
16/03/2022 14:00,60.31020737,-6.597345352,17.95891953,-36.0529213,12.8957119
16/03/2022 14:15,55.65227509,-3.60026598,18.21338654,-29.60427475,11.43487978
16/03/2022 14:30,56.05439377,-3.312810421,17.96362877,-31.27560425,10.12797117
16/03/2022 14:45,59.42217636,-6.333452225,17.97305489,-37.2383461,10.5442276
16/03/2022 15:00,57.15185547,-3.859447718,17.20964623,-33.18987656,10.61178041
16/03/2022 15:15,57.38642883,-4.750089645,18.15212631,-32.51548386,11.46890831
16/03/2022 15:30,56.93403625,-3.930133581,17.04000092,-31.74474716,12.07942176
16/03/2022 15:45,54.85639572,-4.085641861,18.03431511,-30.29961586,10.60810661
16/03/2022 16:00,60.08400726,-5.753828049,17.28975868,-37.42265701,11.12541962
16/03/2022 16:15,55.41769791,-4.038518429,18.51026726,-29.52050018,11.42544889
16/03/2022 16:30,58.26607895,-5.160066605,18.14741135,-34.50516129,10.77357292
16/03/2022 16:45,59.16247559,-7.1722579,18.35947227,-34.07580948,13.89945173
16/03/2022 17:00,56.54866791,-4.278850079,18.49141884,-30.20327187,12.13282728
16/03/2022 17:15,56.68271255,-5.786815167,20.5790081,-30.19489479,11.69562483
16/03/2022 17:30,57.46183014,-5.259027004,19.84387398,-31.25466156,11.62232161
16/03/2022 17:45,60.59504318,-6.130819798,19.92398262,-33.06631088,13.73556948
16/03/2022 18:00,66.09073639,-11.01756763,20.09834099,-43.72468948,13.28527355
16/03/2022 18:15,59.47245026,-5.980022907,20.18787575,-32.78775787,12.47683954
16/03/2022 18:30,60.26831436,-6.206217289,20.59785652,-33.04327011,12.83340502
16/03/2022 18:45,67.29710388,-11.5877676,22.2566185,-41.87744141,14.75081158
16/03/2022 19:00,64.0717392,-8.053473473,21.34712791,-37.852005,12.92607975
16/03/2022 19:15,65.55457306,-9.528452873,22.16708374,-40.43858337,12.47735882
16/03/2022 19:30,64.04660034,-8.732058525,22.07283592,-35.90002823,14.80579472
16/03/2022 19:45,64.82572174,-8.110023498,20.10305595,-39.5568428,13.27584648
16/03/2022 20:00,60.51126862,-7.530398369,20.14075279,-35.52931976,12.37159443
16/03/2022 20:15,61.1395874,-7.374888897,19.83916092,-33.98365784,14.69165754
16/03/2022 20:30,60.54478073,-7.063872337,18.5055542,-35.21934891,13.88374996
16/03/2022 20:45,59.75728607,-5.852788448,20.88060188,-32.9699707,11.75950193
16/03/2022 21:00,62.94913864,-7.553960323,20.33867455,-38.61855316,11.54587126
16/03/2022 21:15,62.88212585,-8.298519135,19.98995972,-37.3263092,13.86437607
16/03/2022 21:30,57.42831039,-5.353275776,19.49987221,-29.3152504,13.96646357
16/03/2022 21:45,58.91114807,-6.719868183,19.62239265,-34.50934601,11.49927759
16/03/2022 22:00,56.93403244,-5.593606949,18.60922623,-31.84318161,12.07523155
16/03/2022 22:15,58.7519722,-6.785841465,18.95794678,-32.00445557,14.57541132
16/03/2022 22:30,60.26831436,-7.417301655,18.99564171,-37.82896805,10.86100626
16/03/2022 22:45,60.50289154,-7.662346363,17.37458038,-39.6050148,11.18564272
16/03/2022 23:00,58.16554642,-5.636017799,16.73840904,-36.51578522,10.54736996
16/03/2022 23:15,57.93935776,-6.149668217,17.05414009,-34.21403885,12.82084703
16/03/2022 23:30,52.31798553,-1.94621706,16.59703636,-27.94551277,9.721653462
16/03/2022 23:45,51.65616608,-1.437278867,15.17860794,-28.20312691,9.711710095
17/03/2022 00:00,53.0803566,-0.895353973,13.90155125,-30.05038071,10.02377862
17/03/2022 00:15,52.17557144,0.268606216,14.74978065,-28.61572266,8.541461915
17/03/2022 00:30,50.39952469,1.168672681,13.40203762,-26.68259239,9.146221995
17/03/2022 00:45,49.65391922,2.068739414,12.86011124,-24.15884972,10.56621885
17/03/2022 01:00,46.45368576,1.178097367,13.468009,-23.26244926,8.545130134
17/03/2022 01:15,46.74689865,2.940531254,12.68104076,-23.10117912,8.02414751
17/03/2022 01:30,45.80023193,3.953695059,11.77626228,-22.2299118,7.840362787
17/03/2022 01:45,44.06607819,3.911283255,11.21548843,-21.50524902,7.434057474
17/03/2022 02:00,44.1666069,2.780309916,12.88367367,-21.2958107,7.20681262
17/03/2022 02:15,46.67150497,2.045177221,11.44639587,-26.23020363,6.949728251
17/03/2022 02:30,42.59999847,3.741637468,10.77723598,-20.74707794,7.334047079
17/03/2022 02:45,43.16967011,3.044203758,10.98458004,-22.27389336,6.866992951
17/03/2022 03:00,42.57486725,3.312809944,11.44639492,-20.76592636,7.049736023
17/03/2022 03:15,42.66701889,2.016902685,10.56517696,-23.41952705,6.665412188
17/03/2022 03:30,43.37911224,-0.593761146,10.38610744,-26.78940964,6.797356308
17/03/2022 03:45,49.20153046,-1.979203701,10.32955933,-34.32923126,6.521943569
17/03/2022 04:00,44.34253311,-3.06305337,10.40024376,-29.12675667,7.878586054
17/03/2022 04:15,47.27469254,-1.592787862,11.00342941,-29.47442627,8.389624715
17/03/2022 04:30,44.14985275,-0.108385004,10.75838661,-26.82710838,6.672742762
17/03/2022 04:45,43.45451736,1.965066552,10.6688509,-23.67085075,7.14974916
17/03/2022 05:00,42.31515884,3.350509167,11.12595272,-20.79315567,7.045541287
17/03/2022 05:15,42.28165436,2.3986063,12.41714764,-20.21719551,7.24870491
17/03/2022 05:30,44.48495865,2.785022497,12.35117245,-21.15548706,8.193276644
17/03/2022 05:45,46.70501709,2.389181614,13.24181652,-23.19752121,7.876497746
17/03/2022 06:00,48.17946625,2.360907555,13.66593075,-23.60383415,8.548793793
17/03/2022 06:15,48.21297455,-0.480663806,15.39537907,-24.10858536,9.18967393
17/03/2022 06:30,53.05521774,-3.034779072,17.51595306,-26.88574982,11.68829393
17/03/2022 06:45,58.056633,-4.75480175,18.18040085,-31.42221069,13.2088232
17/03/2022 07:00,64.35657501,-7.257080078,18.36418533,-40.01132965,13.23814011
17/03/2022 07:15,69.96955872,-10.18818665,21.82778931,-44.35719299,13.97276306
17/03/2022 07:30,72.49121094,-12.25221443,21.71940804,-45.48817062,17.53584671
17/03/2022 07:45,70.2208786,-9.834757805,23.44413948,-41.38524628,15.22625065
17/03/2022 08:00,69.58419037,-10.04681492,22.47338867,-41.30147171,15.85614491
17/03/2022 08:15,70.91622925,-11.93177128,23.64206123,-41.9297905,17.2761488
17/03/2022 08:30,71.4356308,-10.31070995,21.89376259,-45.81280136,14.0397768
17/03/2022 08:45,64.80896759,-7.426726341,21.74768066,-37.54832077,12.9396925
17/03/2022 09:00,64.9848938,-7.737744808,20.17845535,-38.37350845,14.1706748
17/03/2022 09:15,64.13038635,-6.696306229,20.27741241,-38.44471741,12.10456276
17/03/2022 09:30,62.01922989,-5.951748371,19.3490715,-36.70637131,11.91553545
17/03/2022 09:45,62.08625031,-8.406903267,19.68365288,-35.94610596,14.86339474
17/03/2022 10:00,62.010849,-5.92818594,19.67893791,-36.42362595,11.83647108
17/03/2022 10:15,64.65817261,-7.770730496,20.66854286,-39.66365051,12.09670973
17/03/2022 10:30,59.82429886,-5.273164272,20.36694717,-32.9636879,11.76682806
17/03/2022 10:45,59.58135605,-7.158120155,20.55544853,-34.51563263,11.66839504
17/03/2022 11:00,61.07255936,-6.781128407,20.13132858,-34.41719437,13.30516481
17/03/2022 11:15,61.93545151,-8.246682167,21.67227936,-35.14395523,13.36589909
17/03/2022 11:30,61.34064865,-5.471084595,19.17000198,-36.0864296,11.55530167
17/03/2022 11:45,60.88824844,-6.983762741,19.97110748,-36.37545395,11.52544975
17/03/2022 12:00,65.26136017,-8.864005089,19.61767769,-42.61466217,11.8930254
17/03/2022 12:15,57.63775635,-6.144956112,19.48573494,-29.68386459,14.61311293
17/03/2022 12:30,57.9142189,-5.400398731,18.1097126,-33.55220795,11.65269709
17/03/2022 12:45,57.03456497,-4.660553455,19.25953865,-30.98029137,11.45528841
17/03/2022 13:00,56.49840546,-3.883009434,18.94851875,-30.01058769,11.42230844
17/03/2022 13:15,57.85557556,-4.674690247,20.51774406,-30.36872673,11.64379501
17/03/2022 13:30,57.72153473,-6.32874012,20.22086525,-31.09130096,12.73810863
17/03/2022 13:45,56.5235405,-5.994160175,20.00880814,-29.24194717,13.26694536
17/03/2022 14:00,63.13345718,-7.148694992,19.13701439,-39.93592453,11.20921326
17/03/2022 14:15,58.30796433,-5.01398325,18.84013557,-32.48826218,11.99354982
17/03/2022 14:30,56.45652008,-5.603032112,17.7044487,-30.58235741,13.77274609
17/03/2022 14:45,54.47940826,-2.96880579,17.65732384,-29.51421547,10.27667475
17/03/2022 15:00,55.05745316,-2.737898827,17.31332016,-29.65663719,10.82539463
17/03/2022 15:15,54.73073578,-3.402345419,19.08989334,-28.5654583,10.47772956
17/03/2022 15:30,54.32861328,-2.766172886,17.04000282,-29.87235641,10.18242693
17/03/2022 15:45,55.04908371,-5.932898998,18.25580025,-28.7895565,13.93662596
17/03/2022 16:00,54.88991165,-2.836858988,17.36044502,-28.70997238,11.65635324
17/03/2022 16:15,62.12813568,-6.248629093,18.22281265,-39.55474854,10.59920359
17/03/2022 16:30,57.57911301,-7.205244064,18.54325485,-34.33132553,11.90977669
17/03/2022 16:45,58.48388672,-5.065819264,18.88725853,-33.09563065,11.56681681
17/03/2022 17:00,58.8273735,-6.884801865,19.16529083,-32.22855377,14.31833076
17/03/2022 17:15,59.43893814,-4.6746912,18.33590698,-33.9648056,11.81291676
17/03/2022 17:30,55.79468918,-4.05265522,19.33965111,-29.76554489,10.7421484
17/03/2022 17:45,58.25769806,-4.882035732,18.31705856,-32.61601639,12.20665884
17/03/2022 18:00,58.91952896,-6.413562298,19.46216774,-30.68917465,15.18174887
17/03/2022 18:15,60.77935028,-5.405111313,20.28683853,-32.53642654,13.36119652
17/03/2022 18:30,64.6162796,-6.950775147,19.69778824,-39.72858047,12.14068604
17/03/2022 18:45,63.67798996,-9.471903801,20.93714523,-37.21949768,14.99325085
17/03/2022 19:00,61.726017,-7.96393919,20.91830063,-33.9585228,14.81313276
17/03/2022 19:15,59.90808105,-4.980995655,21.07380486,-31.43687058,12.37840128
17/03/2022 19:30,61.47468567,-6.385288715,21.50735092,-33.22967148,13.12295198
17/03/2022 19:45,61.37415695,-8.520001411,20.07006836,-35.03294754,14.79114246
17/03/2022 20:00,61.75952911,-6.33816433,19.57998085,-35.11253738,13.40517521
17/03/2022 20:15,66.46772766,-7.167545795,19.51872063,-41.15277481,12.96377802
17/03/2022 20:30,64.54088593,-7.902678013,19.25482368,-38.88244629,14.30629396
17/03/2022 20:45,60.55315018,-6.493673801,20.79577827,-33.12914276,13.12190294
17/03/2022 21:00,62.7899704,-7.063872814,19.27838516,-38.22270966,12.35274839
17/03/2022 21:15,61.7595253,-5.414536476,18.89197159,-34.63710785,13.64498234
17/03/2022 21:30,58.32471466,-6.121394634,18.77416039,-31.85365677,13.81829214
17/03/2022 21:45,57.56235886,-5.489934444,20.5036068,-30.61796379,11.93072271
17/03/2022 22:00,62.01922989,-6.837678433,19.50929642,-36.6184082,12.7292037
17/03/2022 22:15,59.91646194,-7.374890328,19.1370163,-35.19002533,12.96431065
17/03/2022 22:30,57.38642883,-4.368385315,17.79869652,-30.835783,13.12033463
17/03/2022 22:45,56.79162216,-3.072478294,17.05885124,-32.14896774,10.65628147
17/03/2022 23:00,55.32554245,-3.020641804,17.32274628,-30.62215233,10.40128565
17/03/2022 23:15,53.20602036,-2.4975667,16.40854073,-28.52566147,10.76938486
17/03/2022 23:30,56.8837738,-4.255288124,15.28699207,-32.74586868,13.10620117
17/03/2022 23:45,55.57687759,-2.850995779,14.90528774,-33.34067535,10.18191028
18/03/2022 00:00,55.25852203,-1.503252387,14.96183586,-32.64743042,9.15250814
18/03/2022 00:15,56.74135208,-3.256261349,15.62157249,-35.83091354,8.545127392
18/03/2022 00:30,49.12614059,1.272345185,13.34077644,-25.96002769,8.552991271
18/03/2022 00:45,48.88318253,0.400553137,12.97320843,-24.32639885,11.18302211
18/03/2022 01:00,48.17946625,4.222301006,12.04015636,-23.56822968,8.348779202
18/03/2022 01:15,47.3919754,4.622855187,12.37473583,-22.57339287,7.820991516
18/03/2022 01:30,45.39811325,2.587101936,12.94022179,-21.84873199,8.022057533
18/03/2022 01:45,44.83681107,3.482456207,11.28617382,-22.42469025,7.643490791
18/03/2022 02:00,45.00436783,2.327920437,12.2663517,-22.73047066,7.679625034
18/03/2022 02:15,44.22525406,5.193053722,10.76309776,-21.28743362,6.981668949
18/03/2022 02:30,44.25876236,2.304358482,11.7055769,-23.17657852,7.072248459
18/03/2022 02:45,42.23976517,2.605951548,10.5934515,-20.07896614,8.961395979
18/03/2022 03:00,45.16353607,3.392920733,10.40966892,-23.33156204,8.029384375
18/03/2022 03:15,41.96330643,2.850995779,10.65471268,-21.44241905,7.015178919
18/03/2022 03:30,42.26489639,3.29396081,11.5877676,-20.30935097,7.073817015
18/03/2022 03:45,41.46064758,3.873584509,10.49920464,-20.00775719,7.080101252
18/03/2022 04:00,40.96636963,3.59555316,10.45208263,-19.90722656,7.011507273
18/03/2022 04:15,40.30454254,2.695487022,10.48035622,-19.99938202,7.129317284
18/03/2022 04:30,41.1255455,3.699226141,10.24002266,-19.62448311,7.561813593
18/03/2022 04:45,41.26796341,2.426880837,11.77626228,-20.14389229,6.920928001
18/03/2022 05:00,43.73096848,3.831172705,11.10239029,-21.32513046,7.472275019
18/03/2022 05:15,46.16884995,1.880243659,11.23433781,-25.30239296,7.75187552
18/03/2022 05:30,44.40955734,3.97254467,11.7055769,-21.00469208,7.726743698
18/03/2022 05:45,45.21380615,3.435332537,12.69046497,-21.52619362,7.561815023
18/03/2022 06:00,48.50619125,1.720022321,14.35865402,-24.05413055,8.373384357
18/03/2022 06:15,52.0750351,-0.150796577,14.77805614,-28.23453903,9.213236496
18/03/2022 06:30,52.46879196,-3.835885286,17.83639526,-26.37890816,12.08937383
18/03/2022 06:45,54.51291656,-3.317522764,17.99661446,-28.68693161,11.14689326
18/03/2022 07:00,58.73522186,-5.885775089,19.69779015,-31.33843613,13.58477068
18/03/2022 07:15,60.15941238,-5.560620308,18.59509087,-32.80660629,14.31833553
18/03/2022 07:30,63.17533875,-8.609536171,21.84192657,-33.09772873,16.84521961
18/03/2022 07:45,62.052742,-6.748143196,22.00685883,-32.86943436,13.92459202
18/03/2022 08:00,71.92153168,-9.961992264,21.40367508,-46.1123085,14.36754036
18/03/2022 08:15,73.5300293,-12.10141659,21.52619553,-47.00032043,17.10492992
18/03/2022 08:30,67.38925934,-8.670796394,21.11150742,-41.16324234,13.78530598
18/03/2022 08:45,69.61769867,-10.49920464,23.0247364,-42.11200333,14.98016357
18/03/2022 09:00,69.58418274,-10.79608536,22.98703957,-42.28165054,15.11157799
18/03/2022 09:15,65.42891693,-7.893252373,21.99272537,-38.43424606,12.89519787
18/03/2022 09:30,70.10359955,-9.943142891,20.49418259,-45.77719498,13.77536488
18/03/2022 09:45,63.11669159,-9.462477684,22.16707993,-34.64339066,15.76869869
18/03/2022 10:00,64.70005798,-6.898938179,19.98524284,-39.25106049,12.36269283
18/03/2022 10:15,61.16471863,-6.672744274,22.2142067,-33.28622055,12.33703566
18/03/2022 10:30,62.31244278,-6.724580765,19.9805336,-35.61309433,13.44339561
18/03/2022 10:45,62.38784027,-7.200531483,20.22557831,-35.27171326,14.09108019
18/03/2022 11:00,64.15551758,-5.758540154,21.46964645,-36.09690094,12.34751034
18/03/2022 11:15,61.29038239,-5.183629036,18.92024612,-33.74280167,13.81096363
18/03/2022 11:30,68.31079865,-9.632125855,20.56486893,-43.16757965,14.21047592
18/03/2022 11:45,62.11138153,-7.026173592,19.85801315,-35.05179977,14.2277422
18/03/2022 12:00,62.73970413,-6.39000082,19.8203125,-36.63934708,12.67004538
18/03/2022 12:15,63.30937576,-5.560619831,20.621418,-35.96495819,12.2836194
18/03/2022 12:30,62.09462738,-7.487987042,18.9343853,-35.42460251,15.22362661
18/03/2022 12:45,62.96589279,-5.320288181,19.90984726,-35.47486496,12.90146875
18/03/2022 13:00,64.549263,-5.400399208,19.14172935,-37.81430817,12.99362469
18/03/2022 13:15,63.57745743,-5.353274822,20.35281181,-36.30842972,12.26949072
18/03/2022 13:30,64.59952545,-6.243916512,19.91456032,-38.27716827,12.65171337
18/03/2022 13:45,61.14796448,-5.537058353,18.43486977,-33.43911362,14.81103945
18/03/2022 14:00,60.36884308,-5.009270191,21.14920616,-31.21696091,13.0119462
18/03/2022 14:15,62.45486832,-4.311836243,18.66577721,-35.31778717,12.78314018
18/03/2022 14:30,57.26914597,-3.652102232,18.3453331,-28.78536797,13.79054713
18/03/2022 14:45,56.24707794,-2.285508871,17.83639526,-26.57578087,14.12041068
18/03/2022 15:00,55.84495163,-1.31475687,18.00604057,-26.6344223,12.51924562
18/03/2022 15:15,57.42832565,-2.25252223,18.92495728,-28.06699181,12.6888988
18/03/2022 15:30,57.36129379,-3.463607073,17.76571083,-30.8273983,12.23179173
18/03/2022 15:45,61.44118118,-5.098805904,17.84110832,-34.26849747,14.4303813
18/03/2022 16:00,60.595047,-5.037544727,18.79301071,-33.58572006,13.25386095
18/03/2022 16:15,60.02536774,-4.571018696,18.54325104,-33.3511467,12.7019887
18/03/2022 16:30,59.95834732,-4.057367802,18.1097126,-33.27574921,12.63025332
18/03/2022 16:45,61.95221329,-5.551195145,19.20299149,-34.82141495,13.479002
18/03/2022 17:00,63.10831451,-7.308916569,18.13799095,-36.09061813,16.188622
18/03/2022 17:15,64.32306671,-7.266505241,19.63181686,-38.39863968,13.55911541
18/03/2022 17:30,61.77628326,-4.613429546,19.23597527,-33.29250336,13.86123419
18/03/2022 17:45,59.60648346,-5.056394577,19.66008949,-30.85672188,14.14606667
18/03/2022 18:00,62.010849,-6.102545261,20.12190437,-33.13752365,14.85396624
18/03/2022 18:15,69.15693665,-8.520000458,19.78261185,-42.81781769,15.07650757
18/03/2022 18:30,66.89498138,-6.493673801,20.27269936,-39.06675339,14.04920244
18/03/2022 18:45,63.34289169,-5.980023384,21.68170357,-33.4202652,14.22094631
18/03/2022 19:00,65.59645844,-8.628386498,21.76181793,-35.03085709,17.43216991
18/03/2022 19:15,63.15858459,-5.263739586,20.5036068,-33.20454407,14.71417332
18/03/2022 19:30,62.3459549,-6.121394634,20.33396149,-33.84542847,14.28795958
18/03/2022 19:45,66.811203,-6.630332947,19.51871872,-38.22480392,15.69801331
18/03/2022 20:00,68.57887268,-8.081748962,20.84290123,-41.55280304,14.26491737
18/03/2022 20:15,60.57828903,-5.211903095,19.71192741,-32.32489777,13.75336695
18/03/2022 20:30,59.33002472,-4.137478352,19.54699326,-30.68079185,13.23971796
18/03/2022 20:45,61.61711121,-4.575730801,18.0673008,-34.4842186,13.64132261
18/03/2022 21:00,59.69864273,-5.362699986,20.17845535,-31.04102898,13.84185839
18/03/2022 21:15,57.67126465,-2.554115295,18.53383255,-29.39693069,12.2946167
18/03/2022 21:30,56.02925873,-2.96880579,17.50652885,-28.56545639,12.92607927
18/03/2022 21:45,56.09627914,-3.388208628,17.9824791,-27.61041069,13.89159799
18/03/2022 22:00,56.76648712,-5.343850136,18.88254547,-30.04200363,13.18578815
18/03/2022 22:15,57.52046585,-3.293960571,18.25108719,-30.74781609,11.81552315
18/03/2022 22:30,54.62182617,-1.14982307,17.93535614,-26.49619293,11.34010017
18/03/2022 22:45,55.28365326,-3.553142071,17.46883011,-29.75926018,11.60870504
18/03/2022 23:00,55.20825958,-4.236438274,19.05690384,-26.27209282,14.1157012
18/03/2022 23:15,53.08034897,-1.489115238,15.72524643,-28.08374786,10.76046991
18/03/2022 23:30,51.94100189,1.022588611,15.05137348,-24.76413155,11.10290825
18/03/2022 23:45,51.58075714,0.867079735,15.96557808,-24.33687401,10.41122532
19/03/2022 00:00,52.56932068,-0.169646069,14.56128407,-27.98740578,10.19027691
19/03/2022 00:15,53.57463074,-2.982943058,15.23986912,-28.77908325,12.53862143
19/03/2022 00:30,54.88990784,-1.097986817,14.57542229,-31.16460037,10.247872
19/03/2022 00:45,49.89686966,2.309071064,13.5481205,-24.16931915,9.870358944
19/03/2022 01:00,47.19929123,4.368385315,13.43502426,-20.19625282,9.19962883
19/03/2022 01:15,45.79185867,3.906571627,13.42560005,-19.65589714,8.803789854
19/03/2022 01:30,45.13002396,5.22604084,11.87993431,-19.01710892,9.006939888
19/03/2022 01:45,45.33946991,6.013009071,11.56891727,-18.98778725,8.769756317
19/03/2022 02:00,43.77286148,5.560620308,11.28146172,-18.5689106,8.361868858
19/03/2022 02:15,44.76141357,4.038517952,12.03544331,-20.2800293,8.407423019
19/03/2022 02:30,44.78654861,5.084668636,10.86677074,-18.31967545,10.51543379
19/03/2022 02:45,42.38217926,2.327920437,11.53593063,-20.39731407,8.121014118
19/03/2022 03:00,40.6480217,4.778364182,10.71597385,-17.07769966,8.075984001
19/03/2022 03:15,41.15068054,3.84531045,11.48880672,-17.74162483,8.074938536
19/03/2022 03:30,41.24283218,5.46637249,10.80550957,-17.29761124,7.67333889
19/03/2022 03:45,41.67008591,3.939557791,11.44639492,-18.30710793,7.977025271
19/03/2022 04:00,42.04707718,4.099779606,10.38139629,-19.59097481,7.974926472
19/03/2022 04:15,40.53911209,5.164779663,10.48506546,-17.2724781,7.616788864
19/03/2022 04:30,39.49192047,3.388208151,10.90447044,-16.92271233,8.276529551
19/03/2022 04:45,40.89097214,4.910310268,10.80551147,-17.17194748,8.003202915
19/03/2022 05:00,44.53521729,2.747323036,10.71597385,-22.99017525,8.081745148
19/03/2022 05:15,41.14229965,4.000819206,12.02130508,-16.88291931,8.23725605
19/03/2022 05:30,40.12023544,3.077190876,11.97889614,-17.14681435,7.91733408
19/03/2022 05:45,40.97474289,3.944270372,11.37099743,-17.91126633,7.748208761
19/03/2022 06:00,43.78961563,3.52015543,11.33800983,-20.88321495,8.048235416
19/03/2022 06:15,42.71728516,3.751062632,11.77626324,-18.71761131,8.472347975
19/03/2022 06:30,45.481884,3.699226141,14.11831951,-18.99825859,8.66607976
19/03/2022 06:45,47.26631165,1.512676954,14.9429884,-19.39200401,11.41864228
19/03/2022 07:00,47.14902878,3.732212782,14.01464748,-20.23814011,9.164028406
19/03/2022 07:15,49.87173843,3.736925364,13.70362949,-23.48026466,8.950918913
19/03/2022 07:30,50.85191345,2.577677012,15.31055641,-23.37345123,9.590228796
19/03/2022 07:45,52.66147232,-0.136659309,18.16626358,-24.55050278,10.08136527
19/03/2022 08:00,52.64471817,-4.46263361,17.39814186,-25.79875946,13.91045046
19/03/2022 08:15,60.33533859,-5.221327782,18.5385437,-35.49371338,11.52440929
19/03/2022 08:30,65.93994141,-8.689647675,21.74296761,-40.05949783,12.82712364
19/03/2022 08:45,64.55764008,-8.567124367,20.92301178,-35.40365982,16.79809284
19/03/2022 09:00,65.95669556,-7.799005032,22.48752213,-38.27925873,12.98891974
19/03/2022 09:15,68.21025848,-8.062898636,22.86922836,-40.28359604,13.12033272
19/03/2022 09:30,65.05190277,-8.892278671,22.32730293,-36.62887955,14.98799896
19/03/2022 09:45,74.06619263,-11.73856163,22.59119797,-47.32913971,15.88441658
19/03/2022 10:00,70.40518951,-8.84515667,24.21697235,-41.39990997,13.63346386
19/03/2022 10:15,70.74867249,-7.775443554,23.14726067,-39.79978943,15.57706594
19/03/2022 10:30,70.92460632,-10.11750221,23.79756927,-39.99666214,17.24787712
19/03/2022 10:45,69.2826004,-8.798031807,25.23955917,-37.57554626,15.26552677
19/03/2022 11:00,71.84612274,-10.37668228,23.80699348,-42.17065048,16.24516106
19/03/2022 11:15,74.65262604,-10.10336399,22.44511223,-44.74465179,17.56622601
19/03/2022 11:30,67.06253815,-9.674536705,24.57510948,-37.01843643,15.14352894
19/03/2022 11:45,69.14855957,-9.556726456,23.14726067,-39.01649094,16.54153442
19/03/2022 12:00,73.33734894,-10.30599689,22.99175072,-44.97294998,15.67864513
19/03/2022 12:15,66.66041565,-10.47564316,24.73062325,-37.03309631,15.37233925
19/03/2022 12:30,71.0670166,-11.4746685,22.95876312,-41.8690567,17.71386528
19/03/2022 12:45,74.40129089,-10.96573067,22.17650986,-48.79312515,14.39738655
19/03/2022 13:00,67.37250519,-10.41909313,21.95031166,-41.10250092,14.73878574
19/03/2022 13:15,63.9293251,-8.227832794,22.20478058,-34.84445572,15.1079216
19/03/2022 13:30,64.47386169,-7.455001354,21.75239182,-33.92710876,16.24936247
19/03/2022 13:45,60.49450684,-6.743430615,20.32453728,-33.81401062,13.09938955
19/03/2022 14:00,62.1281395,-6.53137207,21.85135078,-34.0611496,12.74701118
19/03/2022 14:15,68.21864319,-9.481328011,19.7779007,-45.31851959,12.60355091
19/03/2022 14:30,58.2828331,-6.187367916,19.98995781,-29.89539719,14.58484602
19/03/2022 14:45,57.29427338,-4.886748314,20.66854286,-28.62200546,12.89047337
19/03/2022 15:00,57.60424423,-4.542744637,19.66009331,-30.73525047,11.75164509
19/03/2022 15:15,60.34371567,-5.683142185,19.61296844,-34.93032074,11.48356867
19/03/2022 15:30,57.16861343,-6.474823952,19.82502365,-29.2126255,14.60578823
19/03/2022 15:45,56.49840927,-3.039491892,19.41975975,-29.32781792,10.7903235
19/03/2022 16:00,56.74972916,-2.719048739,19.26424789,-29.57705116,10.62747884
19/03/2022 16:15,59.75727844,-5.763252735,20.04650879,-35.00782013,10.46620226
19/03/2022 16:30,60.71232605,-5.94703579,18.45371628,-35.00991058,13.19573498
19/03/2022 16:45,58.49226761,-6.272191525,19.42918205,-31.85156059,13.48371649
19/03/2022 17:00,58.62630463,-6.173230648,18.92966843,-34.72716522,11.14270163
19/03/2022 17:15,57.75504303,-3.784049273,19.50929451,-30.13834763,11.89145017
19/03/2022 17:30,56.12978745,-3.718075514,20.26327705,-27.97693253,11.60765338
19/03/2022 17:45,56.07952881,-4.90559721,18.78829765,-30.07132339,12.12550497
19/03/2022 18:00,58.45875549,-5.551195145,19.09460449,-30.85672569,14.05862045
19/03/2022 18:15,58.41687775,-4.726527214,19.86743546,-31.52483749,11.75113201
19/03/2022 18:30,59.95835114,-8.062898636,20.67796898,-35.47068024,11.87260056
19/03/2022 18:45,59.55621719,-5.098805904,18.88726044,-33.75536728,12.01239538
19/03/2022 19:00,58.29120636,-7.478562832,21.63929176,-29.32572174,14.80475569
19/03/2022 19:15,57.05970001,-5.160067082,19.31608772,-30.77713585,12.12654352
19/03/2022 19:30,57.38642883,-4.53331852,19.31137657,-30.92374611,11.68462467
19/03/2022 19:45,57.41993713,-5.268452168,19.12287712,-31.45990944,12.10560274
19/03/2022 20:00,59.45569229,-8.279668808,19.81088448,-32.70188522,15.2225914
19/03/2022 20:15,56.83351135,-5.890487194,18.78358841,-31.69448471,12.24592543
19/03/2022 20:30,61.92707443,-7.040310383,19.68836403,-37.97766876,11.30135202
19/03/2022 20:45,58.09014511,-4.806637764,18.51498032,-32.66627884,11.71552372
19/03/2022 21:00,56.25545502,-6.031859398,19.68365097,-28.29528046,14.30838299
19/03/2022 21:15,58.58442307,-7.370177269,19.21712685,-34.96383286,11.77364063
19/03/2022 21:30,53.10548782,-3.06305337,17.5442276,-27.18943596,11.43487763
19/03/2022 21:45,53.31492996,-1.573938251,16.89391899,-26.48781586,11.50713336
19/03/2022 22:00,53.19763565,-3.670951843,17.88823128,-26.50038528,12.47997093
19/03/2022 22:15,54.26158905,-5.654868603,18.02017784,-27.90990829,13.98637152
19/03/2022 22:30,54.49616241,-1.413717151,16.17763519,-28.91522026,10.81702411
19/03/2022 22:45,53.90973282,-4.090353966,15.34354115,-30.76457405,11.89197159
19/03/2022 23:00,55.21663666,-2.704911709,16.54520035,-31.09967232,10.2766757
19/03/2022 23:15,51.56400681,-0.81053108,15.23515606,-26.53808212,10.6012997
19/03/2022 23:30,49.88849258,-1.121548772,15.20216942,-24.32011795,11.48775399
19/03/2022 23:45,51.73155975,-1.399579644,15.08907223,-26.61138344,11.43068373
20/03/2022 00:00,51.36294937,-0.014137228,15.17860794,-26.17156219,10.02691646
20/03/2022 00:15,52.36825943,-1.352455974,13.92982483,-30.55513382,9.235756755
20/03/2022 00:30,52.17557907,-0.353429228,14.2267046,-28.95501518,9.347288519
20/03/2022 00:45,50.14819336,1.352455854,14.62725735,-25.20814323,8.960336924
20/03/2022 01:00,50.81002426,2.186548948,12.949646,-26.83548737,8.838341951
20/03/2022 01:15,45.68294907,1.795420408,13.7036314,-20.69890785,9.484989405
20/03/2022 01:30,45.93427277,4.660553455,12.07314396,-20.03707886,9.163496494
20/03/2022 01:45,46.38666534,4.457921028,12.71402836,-21.37539673,7.839319229
20/03/2022 02:00,45.80023193,4.636991501,11.44168282,-21.44032669,8.281230926
20/03/2022 02:15,43.93204117,5.800952435,10.91389561,-19.69150162,7.525691509
20/03/2022 02:30,43.52153015,5.522920609,10.65471268,-19.79203224,7.551864624
20/03/2022 02:45,43.92365646,2.554115534,12.92608547,-21.22250557,7.220949888
20/03/2022 03:00,41.32660675,4.9951334,10.88090801,-18.1186142,7.331951141
20/03/2022 03:15,40.6480217,4.717102528,10.69712543,-17.89032364,7.343470097
20/03/2022 03:30,41.63657379,5.117655277,10.78666019,-18.35528183,7.37697649
20/03/2022 03:45,41.8962822,5.621881008,10.49449253,-18.53330421,7.246604443
20/03/2022 04:00,41.6784668,5.150642395,10.44736958,-18.72179985,7.358654976
20/03/2022 04:15,41.39362717,3.90657115,12.3464613,-18.0432148,7.097379923
20/03/2022 04:30,39.9107933,4.646416664,10.49920464,-17.55521965,7.209952354
20/03/2022 04:45,40.02807999,4.472058296,10.41438198,-17.89241982,7.249219894
20/03/2022 05:00,40.91610336,4.910309792,10.56989002,-18.20238876,7.233514786
20/03/2022 05:15,39.92754745,4.674690723,10.42852116,-17.52799225,7.296343327
20/03/2022 05:30,42.43244171,4.547456265,10.36725807,-17.95106316,9.566664219
20/03/2022 05:45,44.11633682,3.473031044,11.15422535,-22.29902458,7.190055847
20/03/2022 06:00,45.18029404,4.481482506,11.71028805,-21.16386223,7.824661255
20/03/2022 06:15,44.5017128,5.051681519,11.49351978,-19.97005653,7.986454964
20/03/2022 06:30,46.81391907,3.751062155,12.08256722,-23.04044342,7.939846277
20/03/2022 06:45,46.01805115,3.279823542,14.33980179,-20.18787384,8.210551977
20/03/2022 07:00,47.19091415,4.358960629,13.70362949,-21.03820038,8.090123654
20/03/2022 07:15,47.56790924,2.799159527,14.26911736,-21.4591732,9.040459156
20/03/2022 07:30,49.39421463,2.224248171,14.9429884,-22.73256683,9.49441123
20/03/2022 07:45,52.83740616,-1.913230419,16.03154945,-26.1987896,12.52029753
20/03/2022 08:00,54.93180466,-2.313783407,18.185112,-29.30477524,9.755700827
20/03/2022 08:15,56.73297882,-2.992367268,17.9824791,-30.50277138,11.24009562
20/03/2022 08:30,62.15327072,-6.682168961,19.4574585,-35.32197571,14.05600548
20/03/2022 08:45,64.73356628,-8.604824066,20.75807953,-38.60389328,13.97641754
20/03/2022 09:00,64.8508606,-8.048761368,21.41309929,-38.29392624,13.19259644
20/03/2022 09:15,64.18064117,-7.629359245,21.53091049,-35.25705338,15.02203655
20/03/2022 09:30,68.57888031,-9.165598869,21.80893898,-40.07624817,15.85929203
20/03/2022 09:45,66.67716217,-7.605796814,23.48654938,-36.40896225,14.38744736
20/03/2022 10:00,65.78076935,-9.344669342,22.75142097,-37.81849289,14.55552483
20/03/2022 10:15,70.63976288,-11.35686016,24.33949471,-40.32338715,17.33374119
20/03/2022 10:30,70.58950043,-9.137324333,22.64774513,-41.7454834,15.33359623
20/03/2022 10:45,68.85533905,-8.077036858,24.02847481,-39.54846191,13.35543919
20/03/2022 11:00,67.03739929,-9.561437607,22.8645153,-36.95979691,16.77452469
20/03/2022 11:15,67.58194733,-9.731084824,23.31690598,-38.40073395,15.59539223
20/03/2022 11:30,72.73415375,-11.01756763,23.71274567,-46.37620163,13.66277409
20/03/2022 11:45,69.97793579,-9.905443192,21.60159492,-41.40410233,16.87768173
20/03/2022 12:00,67.38925934,-9.137324333,21.93617439,-39.60292053,14.98748875
20/03/2022 12:15,67.13793182,-7.115709305,21.48378563,-38.46356583,14.30628967
20/03/2022 12:30,67.97569275,-10.67827511,21.45079803,-39.45212173,17.75104809
20/03/2022 12:45,66.32530975,-9.123187065,21.77124023,-38.39235687,15.28489971
20/03/2022 13:00,68.57050323,-10.32484627,23.48655128,-41.43761063,13.97118759
20/03/2022 13:15,67.17144012,-10.09393787,21.44608498,-39.18613815,16.63315487
20/03/2022 13:30,65.0184021,-7.41258955,21.79951859,-36.44875717,14.18271589
20/03/2022 13:45,64.32306671,-9.269270897,21.9126091,-37.13991165,14.53981686
20/03/2022 14:00,61.95221329,-7.370177269,19.48101997,-35.02666855,14.81470203
20/03/2022 14:15,62.55539703,-6.955487728,20.6638279,-33.88941193,14.95764494
20/03/2022 14:30,64.0047226,-8.472876549,20.74393654,-38.71070862,13.02295399
20/03/2022 14:45,59.90808487,-6.305177689,20.53188324,-32.69979477,12.98158455
20/03/2022 15:00,59.25463486,-6.597345352,19.52343178,-29.87026596,16.45828247
20/03/2022 15:15,58.29958725,-5.932898521,20.23971558,-29.81581306,14.17695713
20/03/2022 15:30,57.22725677,-4.462633133,19.58469009,-29.08067703,13.02452278
20/03/2022 15:45,58.84413147,-4.896173,18.94852066,-32.86524582,11.92653799
20/03/2022 16:00,58.03150558,-6.276903629,19.01449585,-30.28285789,15.01105547
20/03/2022 16:15,58.92790604,-6.210930347,19.75905037,-33.13542557,12.24436045
20/03/2022 16:30,60.46100616,-5.800951481,19.98053169,-34.8046608,11.47676516
20/03/2022 16:45,58.85251236,-4.589867592,18.82128525,-32.52595901,12.09513569
20/03/2022 17:00,59.58972931,-6.53137207,19.0286293,-31.7971096,15.29536247
20/03/2022 17:15,59.29651642,-7.238230705,20.92300987,-33.14380646,12.46793079
20/03/2022 17:30,62.53025818,-7.469138622,20.20672798,-36.64353943,13.14912939
20/03/2022 17:45,62.48000336,-7.883828163,20.12190437,-37.01843643,13.22349071
20/03/2022 18:00,66.05722809,-8.538849831,19.89099503,-39.72229767,14.98278522
20/03/2022 18:15,61.70926285,-6.955487251,19.67422676,-34.76696014,14.22356319
20/03/2022 18:30,60.48613739,-6.102544785,21.4225235,-32.26625061,12.89990807
20/03/2022 18:45,60.63692856,-6.84239006,20.4282093,-32.32070541,14.7304039
20/03/2022 19:00,64.78383636,-8.425753593,20.94186211,-37.95882034,14.30890751
20/03/2022 19:15,62.26218033,-6.517235756,21.80894089,-33.41188431,13.55859089
20/03/2022 19:30,61.01393127,-9.476616859,22.18593216,-31.40755272,16.89706326
20/03/2022 19:45,68.8385849,-9.721660614,21.67699623,-43.50686264,13.37638664
20/03/2022 20:00,63.1502037,-7.803717613,21.36126328,-35.11253357,14.48012447
20/03/2022 20:15,62.37109375,-7.799005032,20.30097389,-32.46522522,17.40389967
20/03/2022 20:30,64.30630493,-7.285354614,19.7449131,-38.59342575,13.25332069
20/03/2022 20:45,63.81203079,-6.832964897,19.76376343,-36.79642868,14.08480358
20/03/2022 21:00,59.83268356,-7.016748428,20.6544075,-32.10917282,14.08585167
20/03/2022 21:15,62.24542236,-7.016748428,18.50084114,-35.97123718,14.79009247
20/03/2022 21:30,64.01309204,-7.214669228,18.62336349,-39.8437767,12.76062107
20/03/2022 21:45,61.01392365,-5.089380741,18.84484673,-35.25914001,11.99931765
20/03/2022 22:00,57.07646561,-3.571991682,17.5018177,-31.91648674,11.23015285
20/03/2022 22:15,59.27976227,-5.965885639,18.50084305,-33.31973267,13.42507219
20/03/2022 22:30,55.71929169,-3.637965202,17.11540031,-30.16347694,12.07837963
20/03/2022 22:45,53.54949951,-1.983916044,16.87035561,-27.37584114,11.28721881
20/03/2022 23:00,56.47327423,-2.95466876,16.35670662,-32.41704941,10.65418696
20/03/2022 23:15,55.51823044,-2.502278805,15.82420444,-31.45153236,10.74477243
20/03/2022 23:30,50.84354019,-2.19126153,15.52261162,-25.24793243,12.26425767
20/03/2022 23:45,49.7712059,0.414690405,14.10418415,-23.67085648,11.58147487
